id,date,text
13,2023-07-14 13:14:39+00:00,Sol 6 Target Hits Book your profits here â¤ï¸ğŸ˜Š
12,2023-07-14 07:14:56+00:00,"ğŸ“ Morning market conditions:

The market is on plus today.
BTC ğŸ’° is now trading around $31,318, 
ETH ğŸ’° is trading above $2,007

Bitcoin dominance: 44.44%;
Fear and Greed Index: 80 (extreme greed);
Altseason Index: 20;
Market capitalization: $1.37 trillion 

ğŸ“ˆ"
11,2023-07-14 07:14:48+00:00,"ğŸ“ Morning market conditions:

The market is on plus today.
BTC ğŸ’° is now trading around $31,318, 
ETH ğŸ’° is trading above $2,007

Bitcoin dominance: 44.44%;
Fear and Greed Index: 80 (extreme greed);
Altseason Index: 20;
Market capitalization: $1.37 trillion 

ğŸ“ˆ"
10,2023-07-14 07:14:28+00:00,"New VIP members making huge gains in this market!! And we're just getting started!ğŸš€ğŸš€

**VIP REGISTRATION FORM:
**https://forms.gle/FHJDfhTd4Kngc6bH9"
6,2023-07-14 07:14:28+00:00,"**$XRP****, just one of our many perfect catches**ğŸ”¥"
5,2023-07-14 07:14:27+00:00,"ğŸ“**SIGNAL ID: #1069**ğŸ“
**COIN: ****$THETA****/USDT (3-5x)
**Direction: LONGğŸ“ˆ
â–â–â–â–â–â–â–
Target 1: 0.736âœ…
Target 2: 0.75âœ…
Target 23 0.77âœ…

ğŸ”¥51.9% Profit (5x)ğŸ”¥

Our VIPs know exactly what to do to maximize profits, book your seat now and never miss another move!ğŸ˜‰
**Message: ****t.me/BKCEO**
â–â–â–â–â–â–â–
t.me/BinanceKillers"
4,2023-07-14 07:14:27+00:00,"**TOP GAINER ANALYSIS: ****$STEEM**
â–â–â–â–â–â–â–
Looking at the weekly timeframe, it appears a descending Triangle pattern was formed on the price of $STEEM. 

This rebounded from a horizontal support line between $0.7198 to $0.1500. 

This bounce back resulted in a near 102% increase from the demand zone.
â–â–â–â–â–â–â–
- Binance KillersÂ®"
3,2023-07-14 07:14:27+00:00,"ğŸ“**SIGNAL ID: #1031**ğŸ“
**COIN: ****$UNI****/USDT (3-5x)
**Direction: LONGğŸ“ˆ
â–â–â–â–â–â–â–
Target 1: 4.22âœ…
Target 2: 4.40âœ…
Target 3: 4.70âœ…
Target 4: 5.124âœ…
Target 5: 5.759âœ…

ğŸ”¥149.2% Profit (5x)ğŸ”¥

Perfect trade, againğŸš€

Our VIPs know exactly what to do to maximize profits, book your seat now and never miss another move!ğŸ˜‰
**Message: ****t.me/BKCEO**
â–â–â–â–â–â–â–
- Binance KillersÂ®"
